,loss,accuracy,AUPRC,AUROC,run_type,holdout_number,task_name
0,1.26653513826,0.195753842592,0.129878178239,0.527594685555,training,2,covid_or_pneumonia_vs_other
1,0.675637478178,0.535871148109,0.784613013268,0.767198681831,validation,2,covid_or_pneumonia_vs_other
2,1.14414286613,0.348739504814,0.221497505903,0.483812212944,test,2,covid_or_pneumonia_vs_other
0,0.00132511432512,0.999888956547,0.999955058098,0.999998092651,training,2,covid_vs_pneumonia
1,0.0613641093175,0.983465135098,0.838506996632,0.962259471416,validation,2,covid_vs_pneumonia
2,4.48720932007,0.310344815254,0.999999940395,0.0,test,2,covid_vs_pneumonia
0,0.00239252190351,0.999203622341,0.986126542091,0.999903619289,training,2,covid_vs_other
1,0.0649277408692,0.987920939922,0.576527774334,0.89514875412,validation,2,covid_vs_other
2,2.10044717789,0.714285731316,0.294941306114,0.553304612637,test,2,covid_vs_other
