,loss,accuracy,AUPRC,AUROC,run_type,holdout_number,task_name
0,0.123377731696,0.961850523949,0.876566410065,0.956877171993,training,4,covid_or_pneumonia_vs_other
1,0.210064549338,0.919838964939,0.982875466347,0.981338381767,validation,4,covid_or_pneumonia_vs_other
2,1.61857994397,0.56880736351,0.685011267662,0.48284265399,test,4,covid_or_pneumonia_vs_other
0,0.135484536644,0.974913358688,0.017916854471,0.379980862141,training,4,covid_vs_pneumonia
1,0.143556288698,0.966930270195,0.0645952522755,0.572878658772,validation,4,covid_vs_pneumonia
2,2.65093054771,0.122180454433,0.861476004124,0.417401194572,test,4,covid_vs_pneumonia
0,0.0532278161332,0.995202660561,0.263553291559,0.894597232342,training,4,covid_vs_other
1,0.0705508700657,0.982796490192,0.134167835116,0.821226835251,validation,4,covid_vs_other
2,1.60626967748,0.399737864733,0.607827723026,0.498334079981,test,4,covid_vs_other
