,loss,accuracy,AUPRC,AUROC,run_type,holdout_number,task_name
0,0.141884002883,0.955356836319,0.842665672302,0.943049311638,training,2,covid_or_pneumonia_vs_other
1,0.217929936268,0.92093706131,0.974487185478,0.978765904903,validation,2,covid_or_pneumonia_vs_other
2,0.455177128315,0.819327712059,0.608323514462,0.824664771557,test,2,covid_or_pneumonia_vs_other
0,0.0877337645616,0.967137873173,0.921321034431,0.989647746086,training,2,covid_vs_pneumonia
1,0.0670902085575,0.97987061739,0.720849871635,0.964958965778,validation,2,covid_vs_pneumonia
2,1.25331795216,0.551724135876,0.999999940395,0.0,test,2,covid_vs_pneumonia
0,0.00211437363342,0.999419689178,0.98332798481,0.998913407326,training,2,covid_vs_other
1,0.0331345587315,0.994143486023,0.788082838058,0.921319067478,validation,2,covid_vs_other
2,1.45894265175,0.672268927097,0.28561848402,0.55076622963,test,2,covid_vs_other
