,loss,accuracy,AUPRC,AUROC,run_type,holdout_number,task_name
0,0.25045247426,0.908714294434,0.599760174751,0.864406168461,training,3,covid_or_pneumonia_vs_other
1,0.525495827198,0.764705896378,0.483631342649,0.672892689705,validation,3,covid_or_pneumonia_vs_other
2,0.735814614729,0.539165437222,0.817664206028,0.797762453556,test,3,covid_or_pneumonia_vs_other
0,0.33903953433,0.961401820183,0.0386893823743,0.510652661324,training,3,covid_vs_pneumonia
1,1.46224868298,0.0,0.999999940395,0.0,validation,3,covid_vs_pneumonia
2,0.328597143292,0.966930270195,0.0619049929082,0.63817679882,test,3,covid_vs_pneumonia
0,0.000672923652852,0.999805152416,0.997332751751,0.999985456467,training,3,covid_vs_other
1,2.16379117966,0.731092453003,0.312740594149,0.587212622166,validation,3,covid_vs_other
2,0.0587363022761,0.989385068417,0.686377465725,0.878383040428,test,3,covid_vs_other
