,loss,accuracy,AUPRC,AUROC,run_type,holdout_number,task_name
0,0.23471241923,0.922129690647,0.731186032295,0.902520060539,training,2,covid_or_pneumonia_vs_other
1,0.39413745024,0.827598810196,0.898860573769,0.907025039196,validation,2,covid_or_pneumonia_vs_other
2,0.591835856438,0.74789917469,0.464885354042,0.750766336918,test,2,covid_or_pneumonia_vs_other
0,0.000790893499556,0.999962985516,0.999999940395,1.0,training,2,covid_vs_pneumonia
1,0.107403509319,0.979151666164,0.720573425293,0.907192528248,validation,2,covid_vs_pneumonia
2,7.72638750076,0.310344815254,0.999999940395,0.0,test,2,covid_vs_pneumonia
0,1.37428760957e-05,1.0,1.0,1.0,training,2,covid_vs_other
1,0.117313624487,0.985724747181,0.441389083862,0.748445987701,validation,2,covid_vs_other
2,3.27511668205,0.760504186153,0.350114643574,0.564367830753,test,2,covid_vs_other
