,loss,accuracy,AUPRC,AUROC,run_type,holdout_number,task_name
0,0.790173430097,0.122310139239,0.50349676609,0.8457685709,training,3,covid_or_pneumonia_vs_other
1,0.865963697433,0.243697479367,0.206289038062,0.410919576883,validation,3,covid_or_pneumonia_vs_other
2,0.72467105497,0.506588578224,0.58510607481,0.495251774788,test,3,covid_or_pneumonia_vs_other
0,12.4595639031,0.0390792675316,0.0383114032447,0.49634256959,training,3,covid_vs_pneumonia
1,0.00157182337716,1.0,1.0,0.0,validation,3,covid_vs_pneumonia
2,12.946492513,0.0337886400521,0.031886048615,0.481186389923,test,3,covid_vs_pneumonia
0,0.00354586176651,0.998508930206,0.963815808296,0.995535552502,training,3,covid_vs_other
1,0.860998630524,0.65546220541,0.281368285418,0.551293075085,validation,3,covid_vs_other
2,0.0760697437958,0.983894586563,0.470757216215,0.829728901386,test,3,covid_vs_other
