,loss,accuracy,AUPRC,AUROC,run_type,holdout_number,task_name
0,0.185306385357,0.949405252934,0.850920200348,0.947601854801,training,2,covid_or_pneumonia_vs_other
1,0.241810080003,0.916544675827,0.967816472054,0.969889461994,validation,2,covid_or_pneumonia_vs_other
2,0.896346628666,0.613445401192,0.606160640717,0.838026821613,test,2,covid_or_pneumonia_vs_other
0,0.00685686362906,0.998223662376,0.99956870079,0.999982476234,training,2,covid_vs_pneumonia
1,0.0596139642241,0.98058950901,0.781312823296,0.95904314518,validation,2,covid_vs_pneumonia
2,1.27574396133,0.63793104887,1.0,0.0,test,2,covid_vs_pneumonia
0,0.00329806119495,0.999203622341,0.95974946022,0.998351097107,training,2,covid_vs_other
1,0.0545708432222,0.986822843552,0.609714150429,0.914662182331,validation,2,covid_vs_other
2,1.44357132912,0.584033608437,0.250621408224,0.50110155344,test,2,covid_vs_other
