,loss,accuracy,AUPRC,AUROC,run_type,holdout_number,task_name
0,0.650460189517,0.583223044872,0.265518844128,0.768974304199,training,0,covid_or_pneumonia_vs_other
1,0.651315530141,0.678899109364,0.742757439613,0.539766669273,validation,0,covid_or_pneumonia_vs_other
2,0.698335289955,0.415966391563,0.403207689524,0.667528748512,test,0,covid_or_pneumonia_vs_other
0,0.787521210012,0.435386091471,0.18324111402,0.721818983555,training,0,covid_vs_pneumonia
1,0.596492648125,0.708646595478,0.889800548553,0.497980117798,validation,0,covid_vs_pneumonia
2,0.504004776478,0.827586233616,1.0,0.0,test,0,covid_vs_pneumonia
0,0.394467465612,0.963321447372,0.00981653761119,0.692223250866,training,0,covid_vs_other
1,0.934851209323,0.453473120928,0.751359403133,0.651285648346,validation,0,covid_vs_other
2,0.640338391066,0.680672287941,0.233855083585,0.430603504181,test,0,covid_vs_other
