,loss,accuracy,AUPRC,AUROC,run_type,holdout_number,task_name
0,0.240063431971,0.920429646969,0.632308542728,0.882923662663,training,1,covid_or_pneumonia_vs_other
1,0.569169938564,0.773109257221,0.442284554243,0.638074696064,validation,1,covid_or_pneumonia_vs_other
2,1.59447836876,0.360419392586,0.605913877487,0.386778652668,test,1,covid_or_pneumonia_vs_other
0,0.000129264990642,1.0,1.0,0.999999940395,training,1,covid_vs_pneumonia
1,7.77464389801,0.189655169845,1.0,0.0,validation,1,covid_vs_pneumonia
2,4.22879242897,0.488721817732,0.95136320591,0.706313490868,test,1,covid_vs_pneumonia
0,0.0780347608591,0.997391223907,0.00244810455479,0.498971045017,training,1,covid_vs_other
1,0.761296272278,0.756302535534,0.197120249271,0.34295976162,validation,1,covid_vs_other
2,1.68974125385,0.386631727219,0.591408550739,0.470060139894,test,1,covid_vs_other
