,loss,accuracy,AUPRC,AUROC,run_type,holdout_number,task_name
0,0.13844642244,0.957415521145,0.856589853764,0.947642505169,training,2,covid_or_pneumonia_vs_other
1,0.191879707304,0.925329446793,0.977721333504,0.979100644588,validation,2,covid_or_pneumonia_vs_other
2,0.523978978395,0.806722700596,0.616191148758,0.798275887966,test,2,covid_or_pneumonia_vs_other
0,0.0166840235107,0.994078874588,0.999984025955,0.999999403954,training,2,covid_vs_pneumonia
1,0.0579760228707,0.983465135098,0.798529565334,0.959261417389,validation,2,covid_vs_pneumonia
2,1.76971185207,0.63793104887,1.0,0.0,test,2,covid_vs_pneumonia
0,0.000254752981172,0.999978840351,1.0,0.999999940395,training,2,covid_vs_other
1,0.0621092255099,0.991215229034,0.709195017815,0.899705469608,validation,2,covid_vs_other
2,2.30569338799,0.731092453003,0.308603465557,0.581034481525,test,2,covid_vs_other
