,loss,accuracy,AUPRC,AUROC,run_type,holdout_number,task_name
0,0.226711830192,0.956509768963,0.801795125008,0.953374385834,training,4,covid_or_pneumonia_vs_other
1,0.198561617597,0.924231350422,0.977222084999,0.977837443352,validation,4,covid_or_pneumonia_vs_other
2,1.49717239539,0.542595028877,0.698198854923,0.495671033859,test,4,covid_or_pneumonia_vs_other
0,0.103179424186,0.976721405983,0.271107673645,0.73034465313,training,4,covid_vs_pneumonia
1,0.152999296784,0.966930270195,0.082850754261,0.590997219086,validation,4,covid_vs_pneumonia
2,3.55008425713,0.120300754905,0.941653192043,0.657702326775,test,4,covid_vs_pneumonia
0,0.0113707551819,0.996140897274,0.975480556488,0.999785542488,training,4,covid_vs_other
1,0.0730518152599,0.982796490192,0.467505216599,0.891704976559,validation,4,covid_vs_other
2,1.54060280323,0.609436452389,0.767070829868,0.671345829964,test,4,covid_vs_other
