,loss,accuracy,AUPRC,AUROC,run_type,holdout_number,task_name
0,1.13155792093,0.117131084204,0.268800824881,0.462300688028,training,0,covid_or_pneumonia_vs_other
1,0.602684070667,0.697247684002,0.770674347878,0.54472631216,validation,0,covid_or_pneumonia_vs_other
2,1.02762418985,0.243697479367,0.366747975349,0.666618824005,test,0,covid_or_pneumonia_vs_other
0,0.155040225715,0.937161505222,0.996040463448,0.999915480614,training,0,covid_vs_pneumonia
1,0.552763149142,0.832706749439,0.939047038555,0.705729186535,validation,0,covid_vs_pneumonia
2,0.653131365776,0.72413790226,0.999999940395,0.0,test,0,covid_vs_pneumonia
0,0.0686249291424,0.991135954857,0.715635955334,0.992072343826,training,0,covid_vs_other
1,1.11664052804,0.491481006145,0.650537133217,0.543010294437,validation,0,covid_vs_other
2,1.06399703026,0.432773113251,0.217408925295,0.457806497812,test,0,covid_vs_other
