,loss,accuracy,AUPRC,AUROC,run_type,holdout_number,task_name
0,0.465463174739,0.88553494215,0.0848886743188,0.369469672441,training,3,covid_or_pneumonia_vs_other
1,0.561292052269,0.756302535534,0.317655980587,0.54956895113,validation,3,covid_or_pneumonia_vs_other
2,0.913415453651,0.490849196911,0.697054862976,0.731108605862,test,3,covid_or_pneumonia_vs_other
0,17.6190701251,0.0387462079525,0.0385269001126,0.499042838812,training,3,covid_vs_pneumonia
1,2.10583821172e-05,1.0,1.0,0.0,validation,3,covid_vs_pneumonia
2,16.6232450803,0.0330697335303,0.0318845175207,0.481162130833,test,3,covid_vs_pneumonia
0,0.290382375244,0.885344326496,0.0125619377941,0.594327330589,training,3,covid_vs_other
1,0.737033128738,0.768907546997,0.389559924603,0.653352618217,validation,3,covid_vs_other
2,0.175594524904,0.928623735905,0.0342406854033,0.715590536594,test,3,covid_vs_other
