,loss,accuracy,AUPRC,AUROC,run_type,holdout_number,task_name
0,0.285445380892,0.923618197441,0.76284122467,0.906929731369,training,1,covid_or_pneumonia_vs_other
1,0.397404745221,0.819327712059,0.715019285679,0.876388847828,validation,1,covid_or_pneumonia_vs_other
2,1.12328430017,0.429882049561,0.656153023243,0.435915291309,test,1,covid_or_pneumonia_vs_other
0,94.5088923043,0.0222732331604,0.0222732331604,0.5,training,1,covid_vs_pneumonia
1,0.0,1.0,1.0,0.0,validation,1,covid_vs_pneumonia
2,12.1313575745,0.879699230194,0.879699230194,0.5,test,1,covid_vs_pneumonia
0,0.118770454231,0.997277796268,0.00505715981126,0.609255492687,training,1,covid_vs_other
1,0.62819737196,0.756302535534,0.277573496103,0.539080440998,validation,1,covid_vs_other
2,1.37651288509,0.384010493755,0.557759523392,0.43167462945,test,1,covid_vs_other
