,loss,accuracy,AUPRC,AUROC,run_type,holdout_number,task_name
0,0.420216662714,0.908141493797,0.519475877285,0.807613432407,training,4,covid_or_pneumonia_vs_other
1,0.782643025572,0.450951695442,0.643311440945,0.539865076542,validation,4,covid_or_pneumonia_vs_other
2,0.841654201349,0.515072107315,0.678060770035,0.483843535185,test,4,covid_or_pneumonia_vs_other
0,0.113311373467,0.966099143028,0.810915112495,0.995361983776,training,4,covid_vs_pneumonia
1,0.173986464739,0.974119365215,0.467757314444,0.752634644508,validation,4,covid_vs_pneumonia
2,2.174877882,0.710526287556,0.936239361763,0.708166360855,test,4,covid_vs_pneumonia
0,0.0202334038835,0.997312664986,0.00212999759242,0.402453273535,training,4,covid_vs_other
1,0.113399466627,0.983162522316,0.0168374814093,0.5,validation,4,covid_vs_other
2,3.86808005969,0.386631727219,0.635360836983,0.510093450546,test,4,covid_vs_other
