,loss,accuracy,AUPRC,AUROC,run_type,holdout_number,task_name
0,0.375605598262,0.895760595798,0.402339488268,0.800991117954,training,3,covid_or_pneumonia_vs_other
1,0.550879716873,0.756302535534,0.355910211802,0.589990437031,validation,3,covid_or_pneumonia_vs_other
2,0.460955375975,0.8136895895,0.908021688461,0.896496653557,test,3,covid_or_pneumonia_vs_other
0,10.1453248645,0.0385981798172,0.0385981798172,0.5,training,3,covid_vs_pneumonia
1,3.62428872904e-05,1.0,1.0,0.0,validation,3,covid_vs_pneumonia
2,9.95730070634,0.0330697335303,0.0330697335303,0.5,test,3,covid_vs_pneumonia
0,0.0434168450363,0.995581865311,0.0541904829443,0.730970323086,training,3,covid_vs_other
1,0.798438072205,0.756302535534,0.322331517935,0.546264350414,validation,3,covid_vs_other
2,0.0824813782872,0.983162522316,0.145836129785,0.707415997982,test,3,covid_vs_other
