,loss,accuracy,AUPRC,AUROC,run_type,holdout_number,task_name
0,0.363634012559,0.882873117924,0.31351968646,0.780051290989,training,0,covid_or_pneumonia_vs_other
1,0.938861807187,0.302752286196,0.672725439072,0.472402572632,validation,0,covid_or_pneumonia_vs_other
2,0.635509669781,0.756302535534,0.175504207611,0.315134108067,test,0,covid_or_pneumonia_vs_other
0,2.04684024995,0.530361175537,0.118018507957,0.909430444241,training,0,covid_vs_pneumonia
1,0.866825600465,0.834586441517,0.919395089149,0.657351732254,validation,0,covid_vs_pneumonia
2,0.73442786932,0.793103456497,1.0,0.0,test,0,covid_vs_pneumonia
0,0.00318209233155,0.999319434166,0.881023705006,0.97476786375,training,0,covid_vs_other
1,2.77464842796,0.509829640388,0.761943399906,0.649963855743,validation,0,covid_vs_other
2,1.49305391312,0.760504186153,0.331996560097,0.572940587997,test,0,covid_vs_other
