,loss,accuracy,AUPRC,AUROC,run_type,holdout_number,task_name
0,0.173322377013,0.947672903538,0.809256613255,0.923737406731,training,1,covid_or_pneumonia_vs_other
1,0.444758847356,0.798319339752,0.698111236095,0.827394723892,validation,1,covid_or_pneumonia_vs_other
2,0.944556713104,0.488859772682,0.677665710449,0.447836279869,test,1,covid_or_pneumonia_vs_other
0,6.8502108482,0.143108204007,0.0326224006712,0.662234067917,training,1,covid_vs_pneumonia
1,0.00563609274104,1.0,0.999999940395,0.0,validation,1,covid_vs_pneumonia
2,1.54799895287,0.875939846039,0.878107249737,0.492521375418,test,1,covid_vs_pneumonia
0,0.303560904197,0.997265160084,0.0976294577122,0.902073800564,training,1,covid_vs_other
1,0.572664797306,0.756302535534,0.273494362831,0.490852475166,validation,1,covid_vs_other
2,0.865890880426,0.385321110487,0.602065384388,0.512190341949,test,1,covid_vs_other
