,loss,accuracy,AUPRC,AUROC,run_type,holdout_number,task_name
0,0.320548579428,0.93909907341,0.738776981831,0.889692604542,training,3,covid_or_pneumonia_vs_other
1,0.414544150233,0.831932783127,0.713648438454,0.835536420345,validation,3,covid_or_pneumonia_vs_other
2,0.496051772074,0.795387983322,0.909350275993,0.897621154785,test,3,covid_or_pneumonia_vs_other
0,156.999504017,0.0385981798172,0.0385981798172,0.5,training,3,covid_vs_pneumonia
1,0.0,1.0,1.0,0.0,validation,3,covid_vs_pneumonia
2,151.042945168,0.0330697335303,0.0330697335303,0.5,test,3,covid_vs_pneumonia
0,0.0161985549868,0.995086252689,0.524873614311,0.941997587681,training,3,covid_vs_other
1,1.29123720527,0.731092453003,0.297149449587,0.59631216526,validation,3,covid_vs_other
2,0.0681921702741,0.986456811428,0.504791378975,0.840991139412,test,3,covid_vs_other
