,loss,accuracy,AUPRC,AUROC,run_type,holdout_number,task_name
0,0.583334349913,0.84670573473,0.581652343273,0.854516923428,training,5,covid_or_pneumonia_vs_other
1,0.66753077507,0.634338140488,0.701256394386,0.512909710407,validation,5,covid_or_pneumonia_vs_other
2,0.766343561086,0.491581261158,0.570258021355,0.510939061642,test,5,covid_or_pneumonia_vs_other
0,3.54928030647,0.221636280417,0.0218397080898,0.469871133566,training,5,covid_vs_pneumonia
1,0.79406474034,0.733082711697,0.891157746315,0.501819550991,validation,5,covid_vs_pneumonia
2,3.25236928463,0.191948235035,0.0625308379531,0.700832366943,test,5,covid_vs_pneumonia
0,0.377794422201,0.932022035122,0.00966020394117,0.838518440723,training,5,covid_vs_other
1,0.75840673844,0.49541285634,0.624746441841,0.532637953758,validation,5,covid_vs_other
2,0.449698965658,0.955710113049,0.432160288095,0.832468688488,test,5,covid_vs_other
