,loss,accuracy,AUPRC,AUROC,run_type
0,0.00591312907636,0.998243331909,0.998380720615,0.99992454052,training
1,0.0568362139165,0.987697720528,0.889169752598,0.950380265713,validation
2,0.0421178974211,0.987199723721,0.900954961777,0.973351538181,test
