,loss,accuracy,AUPRC,AUROC,run_type,holdout_number,task_name
0,0.852588167926,0.166225850582,0.259841382504,0.670091032982,training,5,covid_or_pneumonia_vs_other
1,0.656144698461,0.64613366127,0.674556016922,0.433551430702,validation,5,covid_or_pneumonia_vs_other
2,0.622558875517,0.565885782242,0.867345094681,0.856939554214,test,5,covid_or_pneumonia_vs_other
0,1.00820365892,0.600195884705,0.431509852409,0.956988334656,training,5,covid_vs_pneumonia
1,0.56284036239,0.776315808296,0.929228007793,0.643329322338,validation,5,covid_vs_pneumonia
2,1.48526759942,0.462976276875,0.11966432631,0.69197511673,test,5,covid_vs_pneumonia
0,0.0222293250447,0.997197985649,0.00572824245319,0.591096699238,training,5,covid_vs_other
1,4.21840000153,0.386631727219,0.642080366611,0.520809829235,validation,5,covid_vs_other
2,0.101899593391,0.983162522316,0.0150573253632,0.481672257185,test,5,covid_vs_other
