,loss,accuracy,AUPRC,AUROC,run_type,holdout_number,task_name
0,0.210074732893,0.930369138718,0.782200694084,0.925415933132,training,1,covid_or_pneumonia_vs_other
1,0.316062226892,0.861344516277,0.797852993011,0.909530699253,validation,1,covid_or_pneumonia_vs_other
2,0.998736073573,0.555701196194,0.703016042709,0.508299946785,test,1,covid_or_pneumonia_vs_other
0,5.6640077206,0.134464323521,0.0424673445523,0.743176817894,training,1,covid_vs_pneumonia
1,0.000570898468141,1.0,1.0,0.0,validation,1,covid_vs_pneumonia
2,1.74618115425,0.877819538116,0.880506277084,0.503655850887,test,1,covid_vs_pneumonia
0,0.0861758009681,0.997391223907,0.19654174149,0.936696529388,training,1,covid_vs_other
1,0.667837768793,0.756302535534,0.215617731214,0.462356328964,validation,1,covid_vs_other
2,1.45587942998,0.386631727219,0.630633950233,0.513352870941,test,1,covid_vs_other
