,loss,accuracy,AUPRC,AUROC,run_type,holdout_number,task_name
0,0.588379768461,0.879208803177,0.24526168406,0.690317809582,training,5,covid_or_pneumonia_vs_other
1,0.755374133587,0.325032770634,0.645509660244,0.42764377594,validation,5,covid_or_pneumonia_vs_other
2,0.690864156593,0.520131766796,0.667962729931,0.626372694969,test,5,covid_or_pneumonia_vs_other
0,5.54943806621,0.168185934424,0.0442682206631,0.735881090164,training,5,covid_vs_pneumonia
1,0.922469878197,0.859022557735,0.889321088791,0.539212763309,validation,5,covid_vs_pneumonia
2,3.20653566447,0.292595267296,0.0995718166232,0.828163921833,test,5,covid_vs_pneumonia
0,0.387565634388,0.972858905792,0.0132490983233,0.795777916908,training,5,covid_vs_other
1,0.819646924734,0.399737864733,0.682352781296,0.582761108875,validation,5,covid_vs_other
2,0.356335532936,0.983162522316,0.0505032353103,0.577309072018,test,5,covid_vs_other
