,loss,accuracy,AUPRC,AUROC,run_type,holdout_number,task_name
0,0.223345368624,0.929665505886,0.743301033974,0.919251859188,training,3,covid_or_pneumonia_vs_other
1,0.338707223535,0.861344516277,0.796966612339,0.895977020264,validation,3,covid_or_pneumonia_vs_other
2,0.460621492429,0.767935574055,0.869091510773,0.898186981678,test,3,covid_or_pneumonia_vs_other
0,0.0352177500136,0.986566483974,0.996611952782,0.999922633171,training,3,covid_vs_pneumonia
1,0.695553302765,0.758620679379,1.0,0.0,validation,3,covid_vs_pneumonia
2,0.164837236432,0.953989923,0.771959125996,0.98537260294,test,3,covid_vs_pneumonia
0,0.871600712379,0.185744181275,0.032799243927,0.817919015884,training,3,covid_vs_other
1,0.890245169401,0.247899159789,0.200453743339,0.410201132298,validation,3,covid_vs_other
2,1.00385486538,0.156295761466,0.0559178479016,0.676956176758,test,3,covid_vs_other
