,loss,accuracy,AUPRC,AUROC,run_type,holdout_number,task_name
0,0.895682294073,0.112465880811,0.262206822634,0.661805987358,training,5,covid_or_pneumonia_vs_other
1,0.632028063138,0.698558330536,0.653333067894,0.443039417267,validation,5,covid_or_pneumonia_vs_other
2,0.679256179116,0.509150803089,0.84595900774,0.835591375828,test,5,covid_or_pneumonia_vs_other
0,0.934434854354,0.398259758949,0.631268620491,0.967367529869,training,5,covid_vs_pneumonia
1,0.414545613527,0.842105269432,0.931927084923,0.664129316807,validation,5,covid_vs_pneumonia
2,0.804425515912,0.397555708885,0.423519909382,0.865241706371,test,5,covid_vs_pneumonia
0,0.121317010812,0.997312664986,0.0951465144753,0.705137252808,training,5,covid_vs_other
1,1.38821772734,0.386631727219,0.621118605137,0.497856020927,validation,5,covid_vs_other
2,0.1394315914,0.983162522316,0.0323862358928,0.631462693214,test,5,covid_vs_other
