,loss,accuracy,AUPRC,AUROC,run_type,holdout_number,task_name
0,0.111086822556,0.965269088745,0.894652485847,0.968054831028,training,2,covid_or_pneumonia_vs_other
1,0.374484154311,0.861639797688,0.951052725315,0.957387089729,validation,2,covid_or_pneumonia_vs_other
2,0.813440382481,0.697479009628,0.550141096115,0.786111176014,test,2,covid_or_pneumonia_vs_other
0,0.00013002375506,1.0,0.999999940395,1.0,training,2,covid_vs_pneumonia
1,0.147440351546,0.981308400631,0.674268364906,0.835590720177,validation,2,covid_vs_pneumonia
2,3.06588840485,0.482758611441,1.0,0.0,test,2,covid_vs_pneumonia
0,1.25796659517e-05,1.0,1.0,1.0,training,2,covid_vs_other
1,0.123926263874,0.988286972046,0.561469554901,0.792446374893,validation,2,covid_vs_other
2,2.11648273468,0.722689092159,0.363655596972,0.608860135078,test,2,covid_vs_other
