,loss,accuracy,AUPRC,AUROC,run_type,holdout_number,task_name
0,1.48674429344,0.11271635443,0.285473942757,0.703256368637,training,5,covid_or_pneumonia_vs_other
1,0.656206071377,0.697247684002,0.752241373062,0.560675263405,validation,5,covid_or_pneumonia_vs_other
2,1.06164985353,0.509150803089,0.461166203022,0.415167361498,test,5,covid_or_pneumonia_vs_other
0,5.82266656481,0.0238436032087,0.0244994834065,0.511587262154,training,5,covid_vs_pneumonia
1,0.634492544178,0.879699230194,0.875218331814,0.479667454958,validation,5,covid_vs_pneumonia
2,6.40707258745,0.0330697335303,0.0323650874197,0.488896071911,test,5,covid_vs_pneumonia
0,0.576495161431,0.748988509178,0.0110797649249,0.519439160824,training,5,covid_vs_other
1,0.801004668077,0.452162504196,0.671221852303,0.584358215332,validation,5,covid_vs_other
2,0.319950877265,0.97327965498,0.0798278152943,0.748919546604,test,5,covid_vs_other
