,loss,accuracy,AUPRC,AUROC,run_type,holdout_number,task_name
0,1.0915249766,0.112724848092,0.437191933393,0.801856219769,training,5,covid_or_pneumonia_vs_other
1,0.629159629345,0.699868917465,0.636502623558,0.387771368027,validation,5,covid_or_pneumonia_vs_other
2,0.767971840772,0.509150803089,0.797918021679,0.750800788403,test,5,covid_or_pneumonia_vs_other
0,0.660386090095,0.586899220943,0.117251828313,0.798210918903,training,5,covid_vs_pneumonia
1,0.715847829978,0.616541326046,0.910828948021,0.554587364197,validation,5,covid_vs_pneumonia
2,0.612278362115,0.6283249259,0.0795668512583,0.724389910698,test,5,covid_vs_pneumonia
0,0.00238271728791,0.999465048313,0.921700417995,0.985198497772,training,5,covid_vs_other
1,3.02975622813,0.516382694244,0.723856329918,0.614953696728,validation,5,covid_vs_other
2,0.108165490356,0.985724747181,0.28855958581,0.706857681274,test,5,covid_vs_other
