,loss,accuracy,AUPRC,AUROC,run_type,holdout_number,task_name
0,0.420109078384,0.894413173199,0.447997570038,0.857337594032,training,0,covid_or_pneumonia_vs_other
1,0.762970149517,0.609436452389,0.740127563477,0.545572519302,validation,0,covid_or_pneumonia_vs_other
2,0.739079356194,0.306722700596,0.208972394466,0.402825683355,test,0,covid_or_pneumonia_vs_other
0,7.74833030001,0.023169901222,0.0236394461244,0.529095232487,training,0,covid_vs_pneumonia
1,0.897975663344,0.870300769806,0.886602282524,0.530331850052,validation,0,covid_vs_pneumonia
2,0.0360806845129,0.982758641243,1.0,0.0,test,0,covid_vs_pneumonia
0,0.000853081582623,0.999794125557,0.981474041939,0.997515201569,training,0,covid_vs_other
1,2.38242220879,0.55307996273,0.706903278828,0.626807153225,validation,0,covid_vs_other
2,1.48933696747,0.668067216873,0.259867340326,0.492624521255,test,0,covid_vs_other
