,loss,accuracy,AUPRC,AUROC,run_type,holdout_number,task_name
0,0.337674021192,0.882873117924,0.443995386362,0.86023235321,training,1,covid_or_pneumonia_vs_other
1,0.714742958546,0.756302535534,0.17053706944,0.317720293999,validation,1,covid_or_pneumonia_vs_other
2,1.84401802222,0.302752286196,0.680494070053,0.488176614046,test,1,covid_or_pneumonia_vs_other
0,15.012742935,0.0223449654877,0.0223550163209,0.50187087059,training,1,covid_vs_pneumonia
1,8.50793185236e-07,1.0,1.0,0.0,validation,1,covid_vs_pneumonia
2,2.66016447544,0.879699230194,0.879472911358,0.498931616545,test,1,covid_vs_pneumonia
0,0.00072175112324,0.999840378761,0.984193205833,0.995914340019,training,1,covid_vs_other
1,1.83209466934,0.739495813847,0.339164614677,0.581704974174,validation,1,covid_vs_other
2,3.00926701228,0.499344706535,0.631311535835,0.565601825714,test,1,covid_vs_other
