,loss,accuracy,AUPRC,AUROC,run_type,holdout_number,task_name
0,1.00223313724,0.117131084204,0.409616857767,0.755218327045,training,0,covid_or_pneumonia_vs_other
1,0.608435819546,0.697247684002,0.742869734764,0.593891382217,validation,0,covid_or_pneumonia_vs_other
2,0.934542447329,0.243697479367,0.37999022007,0.648611068726,test,0,covid_or_pneumonia_vs_other
0,0.000185591907199,1.0,1.0,1.0,training,0,covid_vs_pneumonia
1,3.01592965126,0.5432330966,0.969399690628,0.79801017046,validation,0,covid_vs_pneumonia
2,6.68878650665,0.224137932062,1.0,0.0,test,0,covid_vs_pneumonia
0,0.832683115044,0.0722858682275,0.029218390584,0.620006144047,training,0,covid_vs_other
1,0.659846613804,0.613368272781,0.704494893551,0.587548851967,validation,0,covid_vs_other
2,0.840021789074,0.231092438102,0.183174401522,0.312116861343,test,0,covid_vs_other
