,loss,accuracy,AUPRC,AUROC,run_type,holdout_number,task_name
0,1.7371920469,0.117126882076,0.0779012516141,0.302769780159,training,0,covid_or_pneumonia_vs_other
1,0.664676745733,0.697247684002,0.686946153641,0.539811372757,validation,0,covid_or_pneumonia_vs_other
2,1.42025732994,0.243697479367,0.216946125031,0.461973190308,test,0,covid_or_pneumonia_vs_other
0,6.13590585639,0.313654452562,0.0354649350047,0.685124516487,training,0,covid_vs_pneumonia
1,1.27388083935,0.763157904148,0.907981991768,0.608022868633,validation,0,covid_vs_pneumonia
2,0.73772495985,0.793103456497,1.0,0.0,test,0,covid_vs_pneumonia
0,0.0819994815755,0.969261586666,0.569415926933,0.987078905106,training,0,covid_vs_other
1,1.71865757306,0.583224117756,0.702126562595,0.612744450569,validation,0,covid_vs_other
2,1.31916749477,0.575630247593,0.298619866371,0.530028760433,test,0,covid_vs_other
