,loss,accuracy,AUPRC,AUROC,run_type,holdout_number,task_name
0,0.711913436684,0.112707868218,0.157931610942,0.510429084301,training,4,covid_or_pneumonia_vs_other
1,0.690831628713,0.508784770966,0.709580421448,0.632029592991,validation,4,covid_or_pneumonia_vs_other
2,0.684251447519,0.697247684002,0.676645696163,0.455961346626,test,4,covid_or_pneumonia_vs_other
0,0.0102631219281,0.996383905411,0.998355925083,0.999943494797,training,4,covid_vs_pneumonia
1,0.220763021459,0.979151666164,0.548371315002,0.764263808727,validation,4,covid_vs_pneumonia
2,3.73453537623,0.530075192451,0.952752947807,0.714392960072,test,4,covid_vs_pneumonia
0,0.00284365379877,0.999303758144,0.890851199627,0.984916985035,training,4,covid_vs_other
1,0.126076535745,0.98462665081,0.168441966176,0.649855136871,validation,4,covid_vs_other
2,3.14624150594,0.516382694244,0.758865058422,0.653045713902,test,4,covid_vs_other
