,loss,accuracy,AUPRC,AUROC,run_type,holdout_number,task_name
0,0.528126910745,0.882873117924,0.401162773371,0.773678481579,training,1,covid_or_pneumonia_vs_other
1,0.598120450974,0.756302535534,0.277141869068,0.51408046484,validation,1,covid_or_pneumonia_vs_other
2,0.806840062141,0.302752286196,0.628250360489,0.397686570883,test,1,covid_or_pneumonia_vs_other
0,4.58477341363,0.364656925201,0.0536271370947,0.796002447605,training,1,covid_vs_pneumonia
1,0.145426809788,0.948275864124,1.0,0.0,validation,1,covid_vs_pneumonia
2,1.15039447943,0.847744345665,0.892904639244,0.556540489197,test,1,covid_vs_pneumonia
0,0.00105838330751,0.999768972397,0.97525203228,0.995026886463,training,1,covid_vs_other
1,2.21597886086,0.756302535534,0.256541788578,0.493534475565,validation,1,covid_vs_other
2,3.81095321973,0.505897760391,0.751300990582,0.643654882908,test,1,covid_vs_other
