,loss,accuracy,AUPRC,AUROC,run_type,holdout_number,task_name
0,0.124591938602,0.962410926819,0.870247364044,0.953785419464,training,4,covid_or_pneumonia_vs_other
1,0.160061867061,0.939604699612,0.9837500453,0.984860658646,validation,4,covid_or_pneumonia_vs_other
2,1.29587856929,0.539973795414,0.69471514225,0.48007196188,test,4,covid_or_pneumonia_vs_other
0,0.115985341791,0.976156413555,0.0228001046926,0.472270309925,training,4,covid_vs_pneumonia
1,0.154555561868,0.966930270195,0.0496389642358,0.577355742455,validation,4,covid_vs_pneumonia
2,3.66195049286,0.120300754905,0.869580030441,0.483089596033,test,4,covid_vs_pneumonia
0,0.0382461206242,0.997312664986,0.04441524297,0.723908722401,training,4,covid_vs_other
1,0.0806039388884,0.983162522316,0.135503828526,0.882733285427,validation,4,covid_vs_other
2,2.10470976432,0.386631727219,0.626995623112,0.512371480465,test,4,covid_vs_other
